id,make,model,colour,year,licence_number,location,sold_date,bought_price,for_sale_price,sold_price,seller_fname,seller_lname,seller_phone,seller_email,purchaser_fname,purchaser_lname,purchaser_phone,purchaser_email,image_url
1,Pontiac,Tempest,Aquamarine,1965,MF05 CRL,Hatton,,£29548.55,£29548.55,$2.73,Chuck,Airton,775-630-7722,ecourteney0@bizjournals.com,Eamon,Courteney,342-185-8891,ecourteney0@google.com,http://dummyimage.com/200x200.png/dddddd/000000
2,Plymouth,Voyager,Red,1992,OM07 XFK,Yanping,,£13347.21,£13347.21,$0.42,Clarisse,Collerd,530-525-4016,ebrotherheed1@woothemes.com,Emmery,Brotherheed,253-373-3990,ebrotherheed1@bluehost.com,http://dummyimage.com/200x200.png/ff4444/ffffff
3,Hyundai,Genesis,Pink,2010,IL82 FNE,San Jose,,£10784.41,£10784.41,$0.44,Ketti,Ridgwell,720-443-8562,drosewarne2@eepurl.com,Dot,Rosewarne,875-398-9051,drosewarne2@discuz.net,http://dummyimage.com/200x200.png/dddddd/000000
4,Dodge,Ram Van 1500,Maroon,2003,MA69 EVI,Ferreñafe,,£24047.55,£24047.55,$2.52,Gaston,Smurfit,226-164-7978,bstailey3@reference.com,Brendan,Stailey,821-629-4933,bstailey3@yelp.com,http://dummyimage.com/200x200.png/ff4444/ffffff
5,Mazda,MPV,Teal,2002,PW13 RQK,Guanhães,,£7972.07,£7972.07,$2.66,Claresta,Stops,855-235-0082,cwhiff4@unc.edu,Constance,Whiff,624-969-8829,cwhiff4@ycombinator.com,http://dummyimage.com/200x200.png/5fa2dd/ffffff
6,Chrysler,300,Crimson,2006,PD76 XUR,Kijang,4/19/2022,£12943.23,£12943.23,$0.23,Sean,Place,650-936-0469,jodea5@yale.edu,Justinn,O'Dea,418-711-7286,jodea5@mac.com,http://dummyimage.com/200x200.png/cc0000/ffffff
7,Mercury,Grand Marquis,Pink,2002,QU04 BXO,Piedecuesta,,£18239.44,£18239.44,$4.71,Garik,Phizacklea,562-140-7704,uwillock6@163.com,Umeko,Willock,464-490-7477,uwillock6@msu.edu,http://dummyimage.com/200x200.png/ff4444/ffffff
8,Dodge,Ram Van 1500,Pink,2002,MX84 QBL,Tours,8/1/2022,£6699.60,£6699.60,$8.73,Tobe,Gregh,436-938-5477,ebramich7@fema.gov,Englebert,Bramich,491-549-3934,ebramich7@indiegogo.com,http://dummyimage.com/200x200.png/cc0000/ffffff
9,Subaru,Impreza,Maroon,2006,LX63 POS,Dugcal,,£15151.45,£15151.45,$7.88,Gunilla,Lattimer,138-225-6011,dmcshee8@wufoo.com,Doll,McShee,700-573-7838,dmcshee8@wordpress.com,http://dummyimage.com/200x200.png/5fa2dd/ffffff
10,Plymouth,Breeze,Orange,2000,UH21 BQE,Chok Chai,,£19899.99,£19899.99,$3.91,Anita,Stubbeley,478-461-0345,lrhyme9@diigo.com,Lyndsey,Rhyme,232-338-2293,lrhyme9@yale.edu,http://dummyimage.com/200x200.png/cc0000/ffffff
11,Volkswagen,Jetta III,Khaki,1995,CI42 LDA,Sumiainen,3/5/2023,£13131.09,£13131.09,$2.17,Gennie,Beer,872-368-9993,ddrewerya@devhub.com,Delainey,Drewery,439-383-7784,ddrewerya@discovery.com,http://dummyimage.com/200x200.png/dddddd/000000
12,Jaguar,XJ Series,Crimson,2004,HV81 XDV,Tanumshede,,£12150.54,£12150.54,$9.34,Vinnie,Mayow,620-961-8865,dmunktonb@google.com.hk,Darill,Munkton,951-255-9619,dmunktonb@cornell.edu,http://dummyimage.com/200x200.png/5fa2dd/ffffff
13,Fillmore,Fillmore,Purple,1960,ON05 UAG,Rila,,£21190.30,£21190.30,$5.12,Whitby,Dulany,100-602-5818,bdungec@mit.edu,Brenn,Dunge,560-571-2610,bdungec@tripod.com,http://dummyimage.com/200x200.png/5fa2dd/ffffff
14,BMW,Z4,Green,2009,BU90 BGU,Maun,,£11309.08,£11309.08,$1.05,Kata,Amdohr,259-540-9836,acarnamand@homestead.com,Artur,Carnaman,970-155-2972,acarnamand@soup.io,http://dummyimage.com/200x200.png/dddddd/000000
15,Toyota,Land Cruiser,Aquamarine,2003,BR45 VXH,Aral,,£15924.42,£15924.42,$5.39,Palmer,Gager,896-995-7907,ewildeye@thetimes.co.uk,Emeline,Wildey,481-931-3235,ewildeye@wikispaces.com,http://dummyimage.com/200x200.png/dddddd/000000
16,Mercury,Sable,Goldenrod,1995,UG45 UKX,Dundbürd,,£21788.24,£21788.24,$6.06,Petr,Arnecke,803-536-8367,jcastelluzzif@seattletimes.com,Jamil,Castelluzzi,323-361-0107,jcastelluzzif@taobao.com,http://dummyimage.com/200x200.png/dddddd/000000
17,Pontiac,Grand Prix,Maroon,2002,TS34 RWQ,Dongying,,£18010.39,£18010.39,$9.53,Mellicent,Lurner,356-346-3075,bgladding@sakura.ne.jp,Boigie,Gladdin,700-715-3574,bgladding@deviantart.com,http://dummyimage.com/200x200.png/5fa2dd/ffffff
18,Bentley,Arnage,Indigo,2006,UP57 KBM,Lago,8/19/2022,£22868.92,£22868.92,$3.49,Elwood,Playford,561-849-9814,kpagonh@ow.ly,Kathye,Pagon,304-414-1205,kpagonh@slate.com,http://dummyimage.com/200x200.png/dddddd/000000
19,Holden,Monaro,Indigo,2004,EP12 LBO,Ya’erya,,£6470.45,£6470.45,$6.19,Oran,Saveall,713-211-2517,wjillionsi@wsj.com,Willy,Jillions,181-329-3474,wjillionsi@instagram.com,http://dummyimage.com/200x200.png/dddddd/000000
20,Citroën,2CV,Yellow,1948,IX26 PYG,Gayamdesa,8/2/2022,£13920.48,£13920.48,$9.46,Falkner,Jarrelt,274-276-5492,rlaniganj@youtu.be,Renault,Lanigan,710-868-3664,rlaniganj@msn.com,http://dummyimage.com/200x200.png/5fa2dd/ffffff
21,Lexus,GS,Khaki,2001,NA70 FQR,Novocheboksarsk,,£26293.70,£26293.70,$2.16,Lorri,Duxbarry,110-240-3684,wmaccambridgek@netscape.com,Wilone,MacCambridge,342-492-8887,wmaccambridgek@exblog.jp,http://dummyimage.com/200x200.png/dddddd/000000
22,Mercedes-Benz,SL-Class,Fuscia,2000,NQ34 MZO,Bayeman,8/4/2022,£21117.25,£21117.25,$9.36,Donny,Scholer,628-255-7091,imabbittl@forbes.com,Ileane,Mabbitt,915-535-4116,imabbittl@liveinternet.ru,http://dummyimage.com/200x200.png/5fa2dd/ffffff
23,Hummer,H3,Mauv,2008,OS85 DQW,Nilanapo,,£28096.28,£28096.28,$2.87,Madison,Jone,534-306-5843,kfarakerm@bing.com,Konstance,Faraker,929-833-4127,kfarakerm@globo.com,http://dummyimage.com/200x200.png/ff4444/ffffff
24,Volvo,XC90,Puce,2007,DL54 OZR,Citeureup,7/19/2022,£6860.63,£6860.63,$5.42,Darlene,Buxsy,890-320-6786,ghenkmannn@springer.com,Grannie,Henkmann,234-586-6815,ghenkmannn@nifty.com,http://dummyimage.com/200x200.png/cc0000/ffffff
25,Infiniti,J,Green,1994,OB39 AQT,Xunhe,,£27800.37,£27800.37,$5.07,Penrod,Chiene,118-619-1928,sspeakso@squidoo.com,Sophie,Speaks,514-243-0492,sspeakso@wp.com,http://dummyimage.com/200x200.png/5fa2dd/ffffff
26,Mitsubishi,Mirage,Orange,1986,KO88 HRN,Yinping,,£19953.86,£19953.86,$7.71,Sher,Le Claire,597-365-0217,mpendellp@youku.com,Manuel,Pendell,987-662-0808,mpendellp@newsvine.com,http://dummyimage.com/200x200.png/ff4444/ffffff
27,Chevrolet,Express 1500,Maroon,2001,QT75 BOU,Luoshanchuan,8/17/2022,£21680.00,£21680.00,$2.42,Vyky,Kilmurray,747-849-6560,obondsq@answers.com,Olimpia,Bonds,319-616-2306,obondsq@biglobe.ne.jp,http://dummyimage.com/200x200.png/cc0000/ffffff
28,Ford,Focus,Fuscia,2012,HX01 JQB,Xiayang,,£26672.31,£26672.31,$0.17,Nyssa,Burnes,712-584-5265,jbawcockr@yandex.ru,Jerrilyn,Bawcock,957-649-7423,jbawcockr@accuweather.com,http://dummyimage.com/200x200.png/dddddd/000000
29,Maybach,57,Purple,2008,DE16 SGA,Honghai,2/17/2023,£5911.03,£5911.03,$9.24,Meredithe,Moorhead,206-787-3654,aloucas@facebook.com,Adel,Louca,394-772-3084,aloucas@blogspot.com,http://dummyimage.com/200x200.png/dddddd/000000
30,Pontiac,Grand Prix,Pink,1972,IA73 EDC,Xiqi,7/6/2022,£10703.27,£10703.27,$1.81,Sam,Blitz,229-352-8650,ptinwellt@smugmug.com,Palm,Tinwell,485-649-7393,ptinwellt@samsung.com,http://dummyimage.com/200x200.png/ff4444/ffffff
31,Ford,Windstar,Mauv,2000,BV21 EUH,Pamyat’ Parizhskoy Kommuny,,£18289.56,£18289.56,$6.97,Jarret,Readett,481-339-6235,fwildeu@delicious.com,Felicle,Wilde,945-715-5951,fwildeu@accuweather.com,http://dummyimage.com/200x200.png/dddddd/000000
32,Suzuki,SJ,Crimson,1995,NI60 AXP,Villasis,,£12657.65,£12657.65,$0.36,Malissia,Newns,477-603-9055,apunterv@youku.com,Andriana,Punter,223-648-7711,apunterv@msu.edu,http://dummyimage.com/200x200.png/dddddd/000000
33,Porsche,928,Puce,1985,EP21 MYA,Gapluk,10/20/2022,£24314.72,£24314.72,$6.74,Melisande,Batcock,541-517-2726,nmaytomw@studiopress.com,Niall,Maytom,290-510-0496,nmaytomw@phoca.cz,http://dummyimage.com/200x200.png/dddddd/000000
34,GMC,Rally Wagon G2500,Indigo,1995,EJ44 PSN,Khotiv,,£9632.07,£9632.07,$6.95,Eloise,Rafe,620-232-0215,litzkinx@cbsnews.com,Lishe,Itzkin,772-488-3901,litzkinx@fda.gov,http://dummyimage.com/200x200.png/cc0000/ffffff
35,Jaguar,XJ Series,Red,1998,FK03 OYG,Qingyang,,£14879.78,£14879.78,$4.18,Cecilia,Roome,440-701-3074,vpauluschy@samsung.com,Vick,Paulusch,715-993-4278,vpauluschy@infoseek.co.jp,http://dummyimage.com/200x200.png/ff4444/ffffff
36,Ford,E-Series,Mauv,1986,WC24 SYN,Rojas,,£15963.47,£15963.47,$1.87,Ulick,Nutley,789-292-3557,ahenckez@ted.com,Alexandre,Hencke,598-309-3524,ahenckez@wikia.com,http://dummyimage.com/200x200.png/cc0000/ffffff
37,Dodge,Charger,Aquamarine,2006,MR31 ZJL,Otaslavice,7/30/2022,£28115.27,£28115.27,$5.44,Loren,Yann,348-345-6813,jmacshane10@geocities.com,Jandy,MacShane,429-937-7791,jmacshane10@washingtonpost.com,http://dummyimage.com/200x200.png/5fa2dd/ffffff
38,Honda,Accord,Indigo,1992,GO22 FCG,Tanahwurung,,£9582.46,£9582.46,$8.65,Kattie,McSwan,498-225-9214,rpirelli11@europa.eu,Rudie,Pirelli,736-129-8935,rpirelli11@furl.net,http://dummyimage.com/200x200.png/cc0000/ffffff
39,Ford,F-Series,Blue,2009,JM59 XKR,Djohong,,£21270.82,£21270.82,$6.00,Ansel,Luff,365-698-2487,sdinsell12@naver.com,Sylvan,Dinsell,771-104-7716,sdinsell12@cnbc.com,http://dummyimage.com/200x200.png/dddddd/000000
40,Mazda,MX-5,Yellow,1999,HO50 AMJ,Solna,,£7297.70,£7297.70,$9.66,Marjie,Shalders,421-840-2298,gesslemont13@cloudflare.com,Gail,Esslemont,923-999-2940,gesslemont13@hao123.com,http://dummyimage.com/200x200.png/cc0000/ffffff
41,Acura,TSX,Yellow,2008,ZE90 ALD,Kilifi,,£20186.96,£20186.96,$6.49,Geordie,O' Hanvey,145-347-6254,tsommerled14@gmpg.org,Tony,Sommerled,152-814-5852,tsommerled14@smugmug.com,http://dummyimage.com/200x200.png/5fa2dd/ffffff
42,Toyota,Matrix,Puce,2006,XU58 ZFD,Tunggar,,£5805.49,£5805.49,$8.76,Nerta,Jahner,637-436-0465,kklimas15@google.es,Katina,Klimas,804-153-8265,kklimas15@gizmodo.com,http://dummyimage.com/200x200.png/dddddd/000000
43,Honda,Insight,Aquamarine,2005,KA21 CHM,Rukem,,£16571.92,£16571.92,$7.16,Rebe,Greenstreet,298-931-7496,hquestier16@pen.io,Hephzibah,Questier,936-952-3269,hquestier16@yahoo.co.jp,http://dummyimage.com/200x200.png/5fa2dd/ffffff
44,Smart,Fortwo,Mauv,2012,SB49 XVR,Tabūk,,£15407.78,£15407.78,$5.24,Corliss,Karpeev,114-563-4708,rlynch17@hhs.gov,Ronnie,Lynch,867-332-6931,rlynch17@msu.edu,http://dummyimage.com/200x200.png/cc0000/ffffff
45,Mercedes-Benz,E-Class,Violet,2012,CV49 QHB,Stockholm,,£10025.47,£10025.47,$3.98,Gillie,Tabert,915-941-2487,saloshikin18@cyberchimps.com,Shep,Aloshikin,783-641-5607,saloshikin18@usatoday.com,http://dummyimage.com/200x200.png/ff4444/ffffff
46,GMC,Terrain,Fuscia,2010,DN90 JIB,Kuching,,£5740.63,£5740.63,$5.71,Modestine,Boud,596-889-6691,rmarte19@topsy.com,Rosina,Marte,403-690-1007,rmarte19@typepad.com,http://dummyimage.com/200x200.png/ff4444/ffffff
47,Pontiac,Sunfire,Goldenrod,2003,LG90 BDE,Lafia,2/19/2023,£11468.41,£11468.41,$8.10,Roanne,Bodicam,291-720-6490,gcarbry1a@free.fr,Gerri,Carbry,846-183-0938,gcarbry1a@bizjournals.com,http://dummyimage.com/200x200.png/dddddd/000000
48,Bentley,Continental GTC,Red,2010,ZN08 XFK,El Carmen,,£26858.91,£26858.91,$3.90,Andreana,Vlasenko,348-849-1301,mvalance1b@sun.com,Melonie,Valance,415-955-1995,mvalance1b@salon.com,http://dummyimage.com/200x200.png/cc0000/ffffff
49,Aston Martin,DBS,Red,2011,XR40 ZSC,Moyogalpa,6/2/2022,£13447.08,£13447.08,$6.19,Horatia,McOnie,956-714-0102,chamblin1c@wired.com,Cheston,Hamblin,368-823-8690,chamblin1c@disqus.com,http://dummyimage.com/200x200.png/dddddd/000000
50,Acura,RL,Orange,1999,LP37 DVW,Laau,5/23/2022,£23245.22,£23245.22,$9.82,Angel,Cooling,491-535-2016,bsabbatier1d@purevolume.com,Brion,Sabbatier,419-167-1640,bsabbatier1d@comsenz.com,http://dummyimage.com/200x200.png/dddddd/000000
51,Saturn,S-Series,Green,2000,XW40 OYV,Dallas,,£11478.52,£11478.52,$4.69,Major,Atcherley,214-707-1839,hbendare1e@unicef.org,Husein,Bendare,861-350-5607,hbendare1e@alibaba.com,http://dummyimage.com/200x200.png/5fa2dd/ffffff
52,Audi,S5,Mauv,2010,XI20 KJI,Nungga,,£25144.11,£25144.11,$0.28,Conney,Gull,821-355-6182,cbottoner1f@tamu.edu,Chucho,Bottoner,194-163-4887,cbottoner1f@plala.or.jp,http://dummyimage.com/200x200.png/cc0000/ffffff
53,Mitsubishi,Endeavor,Turquoise,2006,IF69 HNB,Bayt Ūlā,,£17073.42,£17073.42,$3.98,Salmon,Wilkennson,571-899-7872,beirwin1g@homestead.com,Brod,Eirwin,423-720-5925,beirwin1g@home.pl,http://dummyimage.com/200x200.png/dddddd/000000
54,Lexus,RX,Aquamarine,2001,WE07 HGN,‘Alāqahdārī Kirān wa Munjān,,£14449.22,£14449.22,$4.97,Carrol,Randell,316-760-3067,bdoggerell1h@businessweek.com,Brandi,Doggerell,593-660-9958,bdoggerell1h@buzzfeed.com,http://dummyimage.com/200x200.png/cc0000/ffffff
55,Subaru,Leone,Fuscia,1987,AL32 NFW,Gierłoż,,£6364.85,£6364.85,$4.44,Myriam,Gristhwaite,886-979-2789,speyto1i@networksolutions.com,Stinky,Peyto,833-182-3272,speyto1i@hao123.com,http://dummyimage.com/200x200.png/5fa2dd/ffffff
56,Chevrolet,Aveo,Aquamarine,2010,IB72 TMQ,Qiting,,£27352.06,£27352.06,$3.53,Theo,Stairmand,953-801-4476,dkiebes1j@hugedomains.com,Deborah,Kiebes,742-327-8611,dkiebes1j@google.ca,http://dummyimage.com/200x200.png/cc0000/ffffff
57,Mitsubishi,Lancer Evolution,Maroon,2008,ZE67 BNH,Huangjingba,,£25169.59,£25169.59,$4.54,Donielle,Shenfisch,845-830-7076,bosbaldeston1k@aboutads.info,Bevon,Osbaldeston,159-219-0852,bosbaldeston1k@digg.com,http://dummyimage.com/200x200.png/5fa2dd/ffffff
58,Dodge,Caravan,Fuscia,2007,JL84 SPY,Ké-Macina,,£9726.22,£9726.22,$2.73,Ingunna,Gorham,733-251-0748,bwolland1l@technorati.com,Brina,Wolland,178-629-5697,bwolland1l@microsoft.com,http://dummyimage.com/200x200.png/5fa2dd/ffffff
59,Ford,Probe,Mauv,1994,KL58 CAH,Terawas,3/16/2022,£9308.74,£9308.74,$9.87,Elle,Plumley,326-317-8083,tgodsafe1m@1und1.de,Teressa,Godsafe,176-738-6060,tgodsafe1m@furl.net,http://dummyimage.com/200x200.png/cc0000/ffffff
60,Chevrolet,Tahoe,Violet,2002,JK90 FIR,Wufeng,,£13386.90,£13386.90,$1.40,Franklin,Petherick,356-725-3953,qadao1n@theglobeandmail.com,Quinn,Adao,186-893-4334,qadao1n@creativecommons.org,http://dummyimage.com/200x200.png/ff4444/ffffff
61,Mitsubishi,Starion,Indigo,1985,QV41 NBJ,Cielądz,3/27/2022,£24643.82,£24643.82,$0.68,Giles,Dayton,701-633-6850,frubega1o@usnews.com,Frannie,Rubega,423-740-7997,frubega1o@is.gd,http://dummyimage.com/200x200.png/cc0000/ffffff
62,Audi,RS 6,Teal,2003,CQ96 GRY,Curpahuasi,,£5311.68,£5311.68,$2.71,Alanson,Drains,857-534-2819,akermit1p@feedburner.com,Alyssa,Kermit,201-112-8569,akermit1p@hexun.com,http://dummyimage.com/200x200.png/dddddd/000000
63,Cadillac,STS-V,Crimson,2009,RF45 UKJ,Tenggong,4/20/2022,£23065.90,£23065.90,$4.30,Birch,Castenda,258-443-9823,sbaldack1q@huffingtonpost.com,Sascha,Baldack,343-972-1493,sbaldack1q@drupal.org,http://dummyimage.com/200x200.png/dddddd/000000
64,Land Rover,Defender,Goldenrod,1993,DR02 PVT,Hongyang,,£20734.55,£20734.55,$3.69,Nisse,Sibery,560-642-7656,hhubbert1r@sphinn.com,Hermon,Hubbert,921-282-8131,hhubbert1r@disqus.com,http://dummyimage.com/200x200.png/ff4444/ffffff
65,Toyota,Camry,Khaki,2007,JS82 VYL,Saint-Lin-Laurentides,,£13112.16,£13112.16,$5.97,Korey,Britt,551-350-9411,hcottee1s@ox.ac.uk,Husein,Cottee,658-416-4988,hcottee1s@plala.or.jp,http://dummyimage.com/200x200.png/dddddd/000000
66,Infiniti,G,Green,2003,YT22 HMT,Hulu,,£27700.76,£27700.76,$1.89,Delora,O'Henecan,546-259-6248,agriswood1t@bigcartel.com,Adda,Griswood,161-611-6767,agriswood1t@sogou.com,http://dummyimage.com/200x200.png/5fa2dd/ffffff
67,Chevrolet,S10,Maroon,1996,ZH64 YMV,Semongkat,,£13569.33,£13569.33,$6.79,Matti,Martin,127-808-8831,cfishlock1u@stumbleupon.com,Ciro,Fishlock,446-840-1811,cfishlock1u@earthlink.net,http://dummyimage.com/200x200.png/dddddd/000000
68,Audi,S6,Fuscia,2002,RO23 OBK,Wengtian,,£28830.03,£28830.03,$5.24,Nevin,Minguet,617-145-8736,jlatore1v@purevolume.com,Jarret,Latore,662-510-6481,jlatore1v@flavors.me,http://dummyimage.com/200x200.png/cc0000/ffffff
69,Honda,CR-V,Mauv,1999,DH90 NCS,Bobota,,£16309.99,£16309.99,$8.10,Gannon,Hayhurst,101-919-0060,bcroser1w@fc2.com,Brandie,Croser,813-524-2873,bcroser1w@businessweek.com,http://dummyimage.com/200x200.png/ff4444/ffffff
70,Mercedes-Benz,R-Class,Blue,2009,DH76 DPS,Vamvakoú,11/26/2022,£10627.76,£10627.76,$3.60,Hedvige,Storton,823-252-2001,yromanin1x@auda.org.au,Yurik,Romanin,426-954-5138,yromanin1x@comsenz.com,http://dummyimage.com/200x200.png/5fa2dd/ffffff
71,Ford,Crown Victoria,Green,2003,XE72 FLT,Mama,,£5553.37,£5553.37,$7.54,Carmelina,Kroch,159-541-1251,ecawood1y@huffingtonpost.com,Edvard,Cawood,663-632-1074,ecawood1y@livejournal.com,http://dummyimage.com/200x200.png/5fa2dd/ffffff
72,Pontiac,Sunbird,Green,1990,KC18 KWI,Drammen,,£22098.82,£22098.82,$0.12,Noreen,Bercevelo,418-537-1088,leberdt1z@nih.gov,Lora,Eberdt,347-848-8264,leberdt1z@ocn.ne.jp,http://dummyimage.com/200x200.png/dddddd/000000
73,Volkswagen,Eos,Red,2011,CZ31 YFN,Shingū,,£16949.17,£16949.17,$3.95,Byran,Skelhorne,978-860-8278,jgut20@soundcloud.com,Johan,Gut,391-934-2169,jgut20@theguardian.com,http://dummyimage.com/200x200.png/5fa2dd/ffffff
74,Chevrolet,Silverado 3500,Indigo,2009,BL76 DZS,Taoyuan,,£13635.18,£13635.18,$2.70,Madelyn,Wisdish,723-840-6058,vboath21@accuweather.com,Vittoria,Boath,533-469-6797,vboath21@craigslist.org,http://dummyimage.com/200x200.png/cc0000/ffffff
75,Ford,Focus,Aquamarine,2006,MZ19 AIL,Andamui,,£5410.20,£5410.20,$4.84,Willamina,Guiu,816-231-1101,mmeece22@google.fr,Magdalene,Meece,518-102-1207,mmeece22@1und1.de,http://dummyimage.com/200x200.png/cc0000/ffffff
76,Plymouth,Prowler,Purple,1999,MU67 AYC,Liqi,2/26/2023,£5807.45,£5807.45,$4.38,Delores,Patridge,515-367-4617,rflaxon23@lycos.com,Rudolf,Flaxon,713-155-5425,rflaxon23@furl.net,http://dummyimage.com/200x200.png/dddddd/000000
77,Pontiac,Montana,Aquamarine,2001,RJ56 BPZ,Gołkowice,,£10856.55,£10856.55,$5.86,Armand,Kays,589-317-4361,rswinyard24@twitter.com,Rhiamon,Swinyard,874-663-1683,rswinyard24@dagondesign.com,http://dummyimage.com/200x200.png/5fa2dd/ffffff
78,Lexus,ES,Purple,2008,GE42 FWL,Phultala,,£22788.86,£22788.86,$1.36,Viki,Atchly,469-406-2162,mbollini25@sciencedirect.com,Matthew,Bollini,999-176-2376,mbollini25@acquirethisname.com,http://dummyimage.com/200x200.png/cc0000/ffffff
79,Cadillac,CTS-V,Puce,2012,JL16 UZM,Yanling,,£26456.90,£26456.90,$9.13,Zachery,Arlow,980-846-0941,bartin26@paypal.com,Brit,Artin,764-578-7847,bartin26@theguardian.com,http://dummyimage.com/200x200.png/cc0000/ffffff
80,GMC,Safari,Khaki,1996,QB99 LBO,Karuri,12/22/2022,£10783.46,£10783.46,$3.33,Georgeanna,Housbey,208-522-3495,lgors27@123-reg.co.uk,Linnell,Gors,254-686-8091,lgors27@ycombinator.com,http://dummyimage.com/200x200.png/ff4444/ffffff
81,Honda,Accord,Violet,2006,GF37 EUG,Smyków,,£20441.43,£20441.43,$5.81,Lolly,Vosper,887-967-4384,agadney28@reverbnation.com,Alexi,Gadney,292-486-6010,agadney28@xing.com,http://dummyimage.com/200x200.png/cc0000/ffffff
82,Toyota,Land Cruiser,Yellow,2004,IC48 PRF,Hila,,£28942.95,£28942.95,$5.65,Quinn,Gavin,357-328-7515,aambrosetti29@squidoo.com,Aline,Ambrosetti,645-750-9025,aambrosetti29@google.de,http://dummyimage.com/200x200.png/cc0000/ffffff
83,Suzuki,SJ,Violet,1990,RZ96 GIW,Rezé,10/22/2022,£17303.74,£17303.74,$0.08,Inna,des Remedios,739-674-0651,hwitton2a@networksolutions.com,Hermon,Witton,312-820-8439,hwitton2a@storify.com,http://dummyimage.com/200x200.png/5fa2dd/ffffff
84,Volvo,XC90,Blue,2010,JM31 SJL,Langxi,,£5627.76,£5627.76,$1.11,Jody,Jandl,237-708-0016,jlazenbury2b@a8.net,Jarrod,Lazenbury,537-343-0160,jlazenbury2b@google.fr,http://dummyimage.com/200x200.png/5fa2dd/ffffff
85,Cadillac,Escalade EXT,Green,2005,VH11 DMN,Naviraí,,£22051.74,£22051.74,$9.48,Alysia,Ginsie,103-323-9998,gluna2c@boston.com,Gerhardine,Luna,560-462-4042,gluna2c@wikia.com,http://dummyimage.com/200x200.png/ff4444/ffffff
86,Toyota,TundraMax,Green,2012,QM67 KJU,Kiviõli,3/19/2022,£23839.59,£23839.59,$9.06,Gualterio,Mendes,779-992-3156,wmacci2d@diigo.com,Web,Macci,249-171-0343,wmacci2d@ustream.tv,http://dummyimage.com/200x200.png/ff4444/ffffff
87,Audi,S4,Indigo,2009,HW20 VKF,Seminole,,£11898.24,£11898.24,$4.58,Caprice,Minall,317-792-6672,kpolleye2e@about.com,Kelsy,Polleye,717-236-7936,kpolleye2e@360.cn,http://dummyimage.com/200x200.png/5fa2dd/ffffff
88,BMW,3 Series,Khaki,1998,DS47 HZW,Nevers,,£5082.86,£5082.86,$7.10,Mill,Wortt,482-624-3786,asenn2f@salon.com,Arlette,Senn,212-439-1663,asenn2f@eventbrite.com,http://dummyimage.com/200x200.png/cc0000/ffffff
89,Nissan,240SX,Khaki,1994,NX14 ZPE,Żelazków,,£6831.11,£6831.11,$4.00,Ginevra,Rabbage,700-678-5004,dbreton2g@g.co,Devlin,Breton,781-839-2387,dbreton2g@homestead.com,http://dummyimage.com/200x200.png/dddddd/000000
90,Volkswagen,Passat,Aquamarine,2010,QJ96 KTD,Tigbinan,,£15737.73,£15737.73,$0.65,Nertie,Birchenhead,525-610-9051,lpaling2h@meetup.com,Lura,Paling,557-733-9037,lpaling2h@livejournal.com,http://dummyimage.com/200x200.png/cc0000/ffffff
91,Mitsubishi,Montero Sport,Aquamarine,2003,DW02 CQP,Sumbergedong,,£11309.78,£11309.78,$6.76,Antonia,Catley,618-968-4868,lsagrott2i@ed.gov,Liv,Sagrott,103-219-2234,lsagrott2i@virginia.edu,http://dummyimage.com/200x200.png/5fa2dd/ffffff
92,Cadillac,Escalade EXT,Turquoise,2004,ZC09 KDF,Vilar do Monte,,£25656.24,£25656.24,$4.94,Kelsi,Zannetti,791-530-7094,kearthfield2j@xrea.com,Kevin,Earthfield,370-516-8877,kearthfield2j@instagram.com,http://dummyimage.com/200x200.png/dddddd/000000
93,Audi,V8,Goldenrod,1992,QJ07 EMR,Al Jubayhah,,£17338.10,£17338.10,$9.52,Conrado,Siaspinski,774-498-1042,dgosnoll2k@instagram.com,Del,Gosnoll,821-868-1573,dgosnoll2k@marriott.com,http://dummyimage.com/200x200.png/5fa2dd/ffffff
94,Chevrolet,Blazer,Turquoise,1998,KE73 WOH,Xiaoshi,,£7490.43,£7490.43,$6.12,Palmer,Greste,622-718-7275,dnalder2l@ask.com,Dalt,Nalder,194-703-1408,dnalder2l@i2i.jp,http://dummyimage.com/200x200.png/dddddd/000000
95,Mitsubishi,Montero,Green,1995,GM81 IZU,Rochefort,8/3/2022,£9572.49,£9572.49,$0.81,Joan,Whittock,758-570-9495,bahmad2m@wikimedia.org,Barbi,Ahmad,992-427-8321,bahmad2m@bbc.co.uk,http://dummyimage.com/200x200.png/5fa2dd/ffffff
96,Chevrolet,Corvette,Khaki,2003,RQ02 GWZ,Ożarowice,,£5652.99,£5652.99,$5.74,Helge,Tabrett,861-733-7243,kweatherhogg2n@delicious.com,Kate,Weatherhogg,850-479-1313,kweatherhogg2n@hibu.com,http://dummyimage.com/200x200.png/ff4444/ffffff
97,Ford,Five Hundred,Turquoise,2006,PR22 BPU,Krasnyy Profintern,,£29050.10,£29050.10,$3.16,Gratiana,Slimm,444-808-2618,ctales2o@newyorker.com,Coriss,Tales,469-730-4966,ctales2o@topsy.com,http://dummyimage.com/200x200.png/dddddd/000000
98,Nissan,Pathfinder,Goldenrod,2009,KP34 KBG,Dolní Počernice,,£24900.22,£24900.22,$6.52,Sunshine,Mosdill,563-938-2820,lfredy2p@indiatimes.com,Loree,Fredy,153-579-3192,lfredy2p@wix.com,http://dummyimage.com/200x200.png/ff4444/ffffff
99,Nissan,Maxima,Violet,1997,WC47 LAN,Nevyts’ke,11/16/2022,£16156.19,£16156.19,$5.30,Fredrika,Probate,654-685-1167,rboatwright2q@forbes.com,Regine,Boatwright,930-930-8681,rboatwright2q@blog.com,http://dummyimage.com/200x200.png/cc0000/ffffff
100,Mercury,Villager,Fuscia,1996,DJ40 WKE,Qinglong,,£10793.52,£10793.52,$8.90,Shellysheldon,Eastop,726-463-1499,simpleton2r@mashable.com,Shermie,Impleton,761-219-0130,simpleton2r@discovery.com,http://dummyimage.com/200x200.png/ff4444/ffffff
